time,boom_x,boom_y,boom_z,boom_angle,boom_x_velocity,boom_y_velocity,boom_z_velocity,boom_x_acceleration,boom_y_acceleration,boom_z_acceleration,theta1,theta2,xt2,theta1dot,theta2dot,xt2dot,fc1,fc2,fct2
0.1,3.39653088486597,0.542408392081347,-0.00923030493411178,0.215065163675348,0.00133752645644479,0.0105376985888803,-5.37648798392361e-19,0.00020860855516025,0.00271362927373531,-3.26955782294297e-16,-0.0810730512253479,-0.13399211245,0,0.000705973480350508,0.00403051194305704,0,57974.9371680507,82683.7550927643,-1207.61388298086
0.2,3.39666543568435,0.543473839685225,-0.00923030493411259,0.214588102313849,0.00135293723084084,0.0107671838388343,-7.71168340326546e-19,0.000146428921547592,0.00224252622320797,-7.68674578939343e-17,-0.080999325851941,-0.133588776461908,0,0.000767642109465783,0.00403451989706127,0,57973.2870371839,82743.0072005101,-1204.9529868935
0.3,3.39680145771075,0.544561766285707,-0.00923030493411179,0.214104695659959,0.00136746543797319,0.0109913116635978,-9.88957177844646e-19,0.000144165191803491,0.00224043736566593,-1.14282959355906e-15,-0.0809194669795468,-0.133185228680412,0,0.000828912542800708,0.00403641567476143,0,57974.0545616248,82806.2347273176,-1202.28098695767
0.4,3.39693892117281,0.545672095123464,-0.00923030493411202,0.213614975823057,0.00138176510384059,0.0112152261930619,-3.26981962567959e-19,0.000141853716905338,0.00223822626482928,-4.04467670087925e-16,-0.0808334841957934,-0.132781491627263,0,0.000890120215245815,0.00403830553344164,0,57974.7586898004,82869.6323712837,-1199.57380493161
0.5,3.39707780295637,0.546804804085018,-0.00923030493411148,0.213118949886113,0.00139583098946047,0.0114389113960446,-2.18576116546839e-19,0.000139489491318923,0.00223585040277463,-7.74962383090075e-16,-0.080741384008074,-0.132377565878039,0,0.000951260524217901,0.00404018965326713,0,57975.3990597108,82933.1993014281,-1196.83146725491
0.6,3.39721807942036,0.5479598694141,-0.00923030493411245,0.212616625393205,0.00140965784157427,0.0116623508015847,-7.79022002360103e-19,0.000137072949357275,0.00223330985603631,-4.84315577659618e-16,-0.0806431733864464,-0.131973452006758,0,0.00101232884266267,0.00404206803153784,0,57975.975541455,82996.9350174198,-1194.05400503807
0.7,3.39735972640062,0.549137265707762,-0.00923030493411223,0.21210801035111,0.00142324045118548,0.0118855279471964,-7.94579706179386e-19,0.000134604541835781,0.00223060471631165,-4.34795617351405e-16,-0.0805388597634004,-0.13156915058771,0,0.001073320548997,0.00404394066561053,0,57976.4880120798,83060.8390041309,-1191.24145187524
0.8,3.39750271921433,0.550336965917271,-0.00923030493411194,0.211593113228742,0.00143657365516285,0.0121084263799838,-9.01839462678378e-19,0.000132084735283033,0.00222773508395235,-6.2323839468372e-16,-0.0804284510332954,-0.131164662195446,0,0.0011342310274074,0.00404580755284201,0,57976.9363555507,83124.9107316685,-1188.39384384424
0.9,3.39764703266476,0.55155894134913,-0.00923030493411309,0.21107194295655,0.00144965233781676,0.0123310296576185,-1.98370072650508e-19,0.000129514012568333,0.00222470107437545,-1.77429750001044e-16,-0.0803119555517628,-0.130759987404787,0,0.00119505566824785,0.00404766869056061,0,57977.3204627884,83189.1496555162,-1185.51121950722
1,3.39779264104602,0.552803161666184,-0.00923030493411132,0.210544508925891,0.00146247143248487,0.0125533213495096,-1.01445255751692e-18,0.000126892870780271,0.00222150280164612,-7.57466121216433e-16,-0.0801893821350737,-0.130355126790817,0,0.00125578986839514,0.00404952407615156,0,57977.640231584,83253.5552164946,-1182.59361991001
1.1,3.39793951814809,0.554069594888849,-0.00923030493411163,0.210010820988356,0.00147502592309485,0.0127752850378419,-1.0253620983008e-18,0.000124221824203019,0.00221814040383883,-3.49283901161846e-16,-0.0800607400594721,-0.129950080928884,0,0.00131642903149043,0.0040513737069432,0,57977.8955667324,83318.1268410644,-1179.6410885834
1.2,3.3980876372619,0.555358207396445,-0.0092303049341115,0.209470889455071,0.00148731084572223,0.0129969043186907,-6.9522774352713e-19,0.000121501402177149,0.00221461402628087,-1.02316921860476e-15,-0.0799260390604723,-0.129544850394599,0,0.00137696856843661,0.00405321758032073,0,57978.0863799425,83382.8639412921,-1176.65367154217
1.3,3.39823697118471,0.556668963928636,-0.00923030493411159,0.20892472509596,0.00149932129012749,0.0132181628030535,-5.05907854910128e-19,0.000118732148962408,0.00221092382042798,-2.72971881023395e-16,-0.0797852893321222,-0.129139435763837,0,0.00143740389769675,0.00405505569364095,0,57978.2125898264,83447.7659149459,-1173.63141728466
1.4,3.39838749222547,0.558001827586984,-0.00923030493411272,0.208372339138966,0.00151105240129568,0.0134390441180131,-9.35409997741045e-19,0.000115914625286706,0.00220706996012687,-5.53030170750753e-16,-0.0796385015262323,-0.128733837612734,0,0.00149773044553569,0.0040568880443459,0,57978.274121982,83512.8321457395,-1170.57437679338
1.5,3.39853917221046,0.559356759836604,-0.00923030493411098,0.207813743269255,0.00152249938095195,0.0136595319078057,-7.7939996299167e-19,0.000113049404784515,0.00220305261174047,-9.21699049278286e-16,-0.0794856867515693,-0.128328056517685,0,0.00155794364650319,0.00405871462976393,0,57978.2709088276,83578.0620032003,-1167.48260353277
1.6,3.39869198248904,0.56073372050794,-0.00923030493411186,0.207248949628363,0.00153365748906825,0.0138796098349223,-4.40156939795306e-19,0.00011013707829477,0.00219887196972302,-6.43636493173737e-16,-0.0793268565730151,-0.127922093055348,0,0.00161803894371815,0.0040605354473513,0,57978.2028897801,83643.4548430786,-1164.35615345026
1.7,3.39884589393953,0.562132667798641,-0.0092303049341111,0.206677970813329,0.00154452204535498,0.0140992615811958,-8.40965039249137e-19,0.000107178250343232,0.00219452823100674,-6.35336747435829e-17,-0.0791620230106918,-0.127515947802637,0,0.0016780117892381,0.00406235049452164,0,57978.0700111116,83709.0100072602,-1161.19508497426
1.8,3.39900087697528,0.563553558275559,-0.00923030493411171,0.20610081987578,0.00155508843074342,0.0143184708489635,-1.29764400981233e-18,0.0001041735408287,0.00219002160823933,-1.09567025667874e-15,-0.0789911985390526,-0.127109621336727,0,0.00173785764435763,0.00406415976863173,0,57977.8722260067,83774.7268240001,-1157.99945901364
1.9,3.39915690155085,0.564996346876846,-0.00923030493411181,0.205517510320986,0.00156535208884777,0.0145372213621323,-3.02261998532302e-19,0.000101123583690743,0.00218535232185069,-5.16821559637419e-16,-0.0788143960859367,-0.126703114235049,0,0.00179757198002051,0.00406596326720887,0,57977.6094945074,83840.6046079884,-1154.76933895631
2,3.39931393716836,0.566460986914171,-0.00923030493411126,0.204928056106883,0.00157530852741795,0.0147554968673313,-9.08552332549113e-19,9.80290279228857e-05,0.00218052060710505,-2.99637659142226e-16,-0.0786316290315916,-0.126296427075292,0,0.00185715027706124,0.00406776098760986,0,57977.2817835358,83906.6426605404,-1151.50479066807
2.1,3.39947195288397,0.567947430075051,-0.00923030493411199,0.204332471643059,0.0015849533197727,0.0149732811350132,-1.07464891490036e-18,9.48905356887852e-05,0.00217552670317467,-6.10228165117101e-16,-0.0784429112076604,-0.125889560435399,0,0.00191658802668826,0.00406955292727673,0,57976.8890668201,83972.8402696464,-1148.20588249083
2.2,3.3996309173145,0.569455626425285,-0.00923030493411171,0.203730771789704,0.00159428210622186,0.0151905579606155,-4.80600960337326e-20,9.17087841645348e-05,0.00217037086660099,-2.604677421094e-16,-0.0782482568961351,-0.125482514893569,0,0.00197588073068289,0.00407133908372259,0,57976.4313249479,84039.1967102229,-1144.87268524139
2.3,3.39979079864423,0.57098552441151,-0.00923030493411188,0.203122971856532,0.00160329059546526,0.0154073111656381,-1.13024573203241e-18,8.84844644464255e-05,0.00216505336599759,-2.90704698590697e-16,-0.0780476808282755,-0.125075291028256,0,0.00203502390182564,0.00407311945438948,0,57975.9085453189,84105.7112442149,-1141.50527220957
2.4,3.39995156463177,0.572537070863867,-0.00923030493411132,0.202509087601661,0.00161197456598568,0.0156235245988433,-1.21800596416554e-18,8.52182810415769e-05,0.0021595744769769,-8.75183849129873e-16,-0.0778411981834943,-0.124667889418167,0,0.0020940130642515,0.00407489403671946,0,57975.3207220965,84172.3831207043,-1138.10371915585
2.5,3.40011318261713,0.574110210998783,-0.00923030493411204,0.20188913523047,0.00162032986741399,0.0158391821373487,-6.08819607500311e-19,8.19109529022199e-05,0.00215393449408552,-3.01886987826491e-16,-0.0776288245882089,-0.124260310642261,0,0.0021528437536773,0.00407666282822561,0,57974.6678562494,84239.2115761607,-1134.66810430995
2.6,3.4002756195289,0.575704888421861,-0.00923030493411109,0.201263131394406,0.00162835242188632,0.0160542676878091,-7.57819288200695e-19,7.85632109576717e-05,0.00214813371272271,-4.1285251878622e-16,-0.0774105761146583,-0.123852555279748,0,0.00221151151785648,0.0040784258263642,0,57973.9499554342,84306.1958344522,-1131.19850836775
2.7,3.40043884189155,0.577321045130895,-0.00923030493411196,0.200631093189778,0.00163603822537562,0.016268765187532,-1.36079366676985e-18,7.51758005017589e-05,0.00214217244595005,-8.28872113678955e-16,-0.0771864692796866,-0.123444623910092,0,0.00227001191687748,0.00408018302866253,0,57973.1670340546,84373.3351071412,-1127.69501448935
2.8,3.40060281583292,0.578958621518992,-0.00923030493411122,0.199993038156498,0.00164338334901313,0.0164826586056849,-6.92524227574032e-19,7.17494798043727e-05,0.00213605101998127,-5.79741938833081e-16,-0.0769565210434939,-0.123036517113004,0,0.00232834052347641,0.00408193443257687,0,57972.3191132151,84440.6285936162,-1124.15770829663
2.9,3.40076750709175,0.580617556377814,-0.0092303049341109,0.199348984276797,0.00165038394038081,0.0166959319443773,-8.13301819776167e-19,6.82850197979423e-05,0.00212976976957258,-5.4553459471569e-16,-0.0767207488083518,-0.122628235468445,0,0.00238649292339232,0.00408368003566295,0,57971.4062206669,84508.0754812201,-1120.58667787
3,3.40093288102543,0.582297786900933,-0.00923030493411145,0.198698949973913,0.00165703622479758,0.0169085692399056,-1.31222372341155e-18,6.47832046529739e-05,0.00212332904597368,-4.95796096769577e-16,-0.0764791704172867,-0.122219779556626,0,0.00244446471572246,0.00408541983540545,0,57970.4283908214,84575.6749454894,-1116.98201374594
3.1,3.40109890261781,0.583999248687305,-0.00923030493411152,0.198042954110735,0.00166333650657414,0.0171205545638602,-1.34717812173947e-18,6.12448298962232e-05,0.00211672920321071,-6.80366134037389e-16,-0.0762318041527299,-0.121811149958005,0,0.00250225151320649,0.00408715382934588,0,57969.3856646475,84643.4261502179,-1113.34380891327
3.2,3.40126553648719,0.585721875744861,-0.00923030493411224,0.197381015988419,0.00166928117025759,0.0173318720243341,-8.29010643843063e-19,5.76707041655133e-05,0.0021099706118104,-1.67073564562031e-16,-0.0759786687351334,-0.121402347253285,0,0.00255984894258177,0.00408888201503999,0,57968.2780897103,84711.3282477481,-1109.67215881037
3.3,3.40143274689437,0.587465600494215,-0.00923030493411167,0.196713155344971,0.00167486668184782,0.0175425057670754,-8.55341484218896e-19,5.40616482167522e-05,0.00210305365670926,-6.33804212967999e-16,-0.0757197833215535,-0.120993372023418,0,0.00261725264493862,0.00409060439000086,0,57967.1057201302,84779.3803791402,-1105.96716132187
3.4,3.40160049775088,0.589230353772488,-0.00923030493411208,0.196039392353799,0.00168008959000159,0.0177524399766898,-7.99478072252301e-19,5.04184944600805e-05,0.00209597873043066,5.41603564934809e-17,-0.0754551675042009,-0.120584224849598,0,0.00267445827603296,0.00409232095181267,0,57965.8686165091,84847.5816743011,-1102.22891677447
3.5,3.40176875262729,0.591016064837253,-0.00923030493411143,0.195359747622224,0.00168494652720625,0.0179616588778005,-1.0742862625583e-18,4.67420873437874e-05,0.00208874624209443,-9.16590064258482e-16,-0.0751848413089582,-0.120174906313266,0,0.00273146150654213,0.00409403169800271,0,57964.5668459455,84915.9312522512,-1098.45752793378
3.6,3.40193747476168,0.592822661370596,-0.00923030493411141,0.194674242189969,0.00168943421094225,0.0181701467362557,-1.12851051969836e-18,4.3033282801419e-05,0.0020813566121145,-6.0790111277326e-16,-0.0749088251938638,-0.119765416996105,0,0.00278825802256222,0.00409573662615514,0,57963.2004819674,84984.4282212746,-1094.65309999992
3.7,3.40210662706814,0.594650069483299,-0.00923030493411201,0.193982897527606,0.001693549444816,0.0183778878603201,-1.44779419107585e-18,3.92929468104875e-05,0.0020738102621678,-4.29997547969226e-16,-0.0746271400475642,-0.119355757480042,0,0.00284484352577863,0.00409743573385413,0,57961.7696044432,85053.0716790344,-1090.81574060302
3.8,3.40227617214551,0.596498213719142,-0.00923030493411185,0.193285735534977,0.00169728911967488,0.0185848666018625,-1.50489263459119e-18,3.55219578480614e-05,0.00206610763958359,-3.54079425292393e-16,-0.0743398071877331,-0.118945928347244,0,0.00290121373384977,0.0040991290186696,0,57960.2742996704,85121.8607129766,-1086.94555980002
3.9,3.4024460722861,0.598367017059319,-0.00923030493411124,0.192582778539579,0.0017006502146975,0.0187910673575577,-5.68785935109849e-19,3.17212046825333e-05,0.00205824919844488,-1.11101155351439e-15,-0.0740468483594579,-0.118535930180121,0,0.0029573643807197,0.00410081647821414,0,57958.7146602359,85190.794400378,-1083.04267006923
4,3.40261628948461,0.600256400926987,-0.00923030493411177,0.191874049294915,0.00170362979846345,0.0189964745700946,-1.27562808912999e-18,2.78915865079554e-05,0.00205023540366689,-6.57324002695427e-16,-0.0737482857335939,-0.118125763561321,0,0.00301329121695915,0.00410249811007191,0,57957.0907849965,85259.8718085894,-1079.10718630585
4.1,3.4027867854471,0.602166285191918,-0.00923030493411126,0.191159570978822,0.0017062250299982,0.0192010727293831,-1.42521149623687e-18,2.40340134947115e-05,0.00204206673843466,-9.02404193181216e-16,-0.073444141905087,-0.117715429073735,0,0.00306899001009242,0.00410417391186968,0,57955.4027790756,85329.0919953091,-1075.13922581753
4.2,3.40295752160011,0.604096588175289,-0.00923030493411086,0.190439367191751,0.00170843315979595,0.0194048463737692,-1.81644173715945e-18,2.01494046903061e-05,0.00203374368734721,-1.17426816307876e-15,-0.0731344398912633,-0.117304927300488,0,0.00312445654486737,0.00410584388120583,0,57953.6507537324,85398.4540086585,-1071.13890831847
4.3,3.40312845909984,0.606047226654585,-0.0092303049341123,0.189713461955033,0.00171025153081725,0.0196077800912462,-1.66893685961929e-18,1.62386897946121e-05,0.00202526675284176,-9.56296358044377e-16,-0.0728192031300872,-0.116894258824946,0,0.0031796866236391,0.00410750801572135,0,57951.8348264015,85467.9568875373,-1067.10635592486
4.4,3.40329955884145,0.608018115868621,-0.00923030493411192,0.188981879709098,0.0017116775794637,0.0198098585206766,-7.31073283353515e-19,1.23028083105492e-05,0.00201663645279204,-3.82803703959606e-16,-0.0724984554783877,-0.11648342423071,0,0.00323467606663996,0.00410916631305724,0,57949.9551206382,85537.599661825,-1063.04169314957
4.5,3.40347078146844,0.610009169522693,-0.00923030493411207,0.188244645311673,0.00171270883652603,0.0200110663530003,-1.84564544064164e-18,8.34270871563625e-06,0.00200785331247033,-5.14119559798619e-16,-0.0721722212100531,-0.11607242410162,0,0.00328942071233485,0.0041108187708403,0,57948.0117660275,85607.3813525397,-1058.94504689592
4.6,3.40364208738217,0.612020299793849,-0.00923030493411162,0.18750178403594,0.00171334292811169,0.0202113883324813,-1.42223709269728e-18,4.35934892406564e-06,0.00199891787337947,-6.97340527254673e-16,-0.0718405250141935,-0.115661259021747,0,0.00334391641766274,0.00411246538671151,0,57946.0048981852,85677.300972141,-1054.81654645253
4.7,3.40381343675139,0.614051417336277,-0.00923030493411184,0.186753321568673,0.00171357757654267,0.0204108092579226,-1.53549880921475e-18,3.53695686072797e-07,0.00198983068760761,-8.12847212165627e-16,-0.071503391993273,-0.1152499295754,0,0.00339815905847729,0.00411410615836871,0,57943.9346586793,85747.3575247128,-1050.65632348684
4.8,3.40398478952196,0.616102431286826,-0.00923030493411168,0.185999284008329,0.00171341060123204,0.020609313983915,-9.16697063017282e-19,-3.67327623074232e-06,0.0019805923160412,-4.19135072943492e-16,-0.0711608476612094,-0.114838436347119,0,0.00345214452974574,0.00411574108345292,0,57941.8011949733,85817.5500061858,-1046.46451203909
4.9,3.40415610542654,0.618173249270643,-0.00923030493411187,0.185239697863123,0.0017128399195305,0.020806887422042,-1.0310526583977e-18,-7.72058318498914e-06,0.00197120333452538,-3.38120602803289e-17,-0.0708129179414438,-0.11442677992168,0,0.00350586874584735,0.00411737015967617,0,57939.6046604072,85887.8774046234,-1042.24124851602
5,3.40432734399447,0.620263777406937,-0.00923030493411123,0.184474590049065,0.00171186354755059,0.0210035145421427,-2.79208190366039e-18,-1.17872333067481e-05,0.00196166433366329,-1.19936725153449e-15,-0.0704596291649783,-0.114014960884086,0,0.00355932764102818,0.00411899338466526,0,57937.3452141475,85958.3387004633,-1037.98667168442
5.1,3.40449846456168,0.622373920314864,-0.00923030493411145,0.18370398788796,0.00171047960096356,0.0211991803735486,-1.03275814686825e-19,-1.58722270493517e-05,0.00195197591496665,-1.7694173163486e-16,-0.0701010080683836,-0.113602979819577,0,0.00361251716957156,0.00412061075616066,0,57935.0230211153,86028.932866729,-1033.70092266421
5.2,3.40466942628067,0.624503581119539,-0.00923030493411134,0.182927919105393,0.00170868629576772,0.0213938700063005,-1.8302133974207e-18,-1.99745569722243e-05,0.00194213869541571,-7.05780384956177e-16,-0.0697370817917753,-0.113190837313617,0,0.00366543330612501,0.00412222227181758,0,57932.6382519594,86099.6588693135,-1029.38414492162
5.3,3.40484018813058,0.62665266145817,-0.00923030493411149,0.182146411828667,0.0017064819490361,0.0215875685924544,-9.17702585656433e-19,-2.40932094459634e-05,0.00193215329379193,-6.82539478194411e-16,-0.0693678778767606,-0.112778533951906,0,0.00371807204604124,0.00412382792940491,0,57930.1910829313,86170.5156671157,-1025.03648426146
5.4,3.40501070892734,0.628821061486321,-0.00923030493411183,0.18135949458472,0.00170386497962737,0.021780261347262,-1.33874049375171e-18,-2.82271627185526e-05,0.00192202035164435,-7.09009732716601e-16,-0.068993424264353,-0.112366070320367,0,0.00377042940567662,0.00412542772657787,0,57927.6816959423,86241.5022124677,-1020.65808882075
5.5,3.40518094733392,0.631008679884296,-0.00923030493411202,0.180567196298012,0.00170083390887783,0.0219719335504531,-1.49478446729426e-18,-3.23753885911326e-05,0.00191174052040921,-2.63971502612971e-16,-0.0686137492928587,-0.111953447005153,0,0.00382250142266116,0.00412702166113377,0,57925.1102784427,86312.6174512821,-1016.24910906054
5.6,3.40535086187052,0.633215413863646,-0.0092303049341115,0.179769546288377,0.00169738736126274,0.022162570547492,-1.19804393596144e-18,-3.65368524086751e-05,0.00190131446391639,-6.72528001813595e-16,-0.0682288816957313,-0.111540664592645,0,0.00387428415625379,0.00412860973075624,0,57922.4770233805,86383.860323332,-1011.80969775835
5.7,3.405520410925,0.635441159173808,-0.00923030493411067,0.178966574268847,0.00169352406502823,0.0223521577508108,-1.16752252179234e-18,-4.07105129236474e-05,0.00189074286175206,-6.57337078455133e-16,-0.0678388505993978,-0.111127723669449,0,0.00392577368756974,0.00413019193319997,0,57919.7821291638,86455.2297625381,-1007.34001000027
5.8,3.40568955276328,0.637685810108864,-0.00923030493411141,0.178158310343449,0.00168924285279991,0.0225406806410947,-1.4650801162375e-18,-4.48953240763661e-05,0.00188002639666607,-8.0671267866539e-16,-0.0674436855210538,-0.110714624822395,0,0.00397696611993581,0.00413176826621964,0,57917.0257995413,86526.7246971279,-1002.84020317239
5.9,3.40585824553974,0.639949259514428,-0.00923030493411221,0.17734478500497,0.00168454266215829,0.0227281247685193,-1.84326888165512e-18,-4.9090233171567e-05,0.00186916577259133,-6.35690784717281e-16,-0.0670434163664302,-0.11030136863854,0,0.00402785757916035,0.00413333872758415,0,57914.2082436383,86598.3440500517,-998.310436953149
6,3.40602644730782,0.642231398794659,-0.00923030493411038,0.176526029132692,0.00167942253618671,0.0229144757540013,-1.8320489734323e-18,-5.32941825721611e-05,0.00185816170172259,-2.77770297617956e-16,-0.0666380734275295,-0.109887955705162,0,0.00407844421378911,0.00413490331503397,0,57911.3296758347,86670.0867391419,-993.750873304174
6.1,3.40619411603055,0.644532117919398,-0.00923030493411109,0.175702073990098,0.00167388162399415,0.0230997192904897,-1.56262713329011e-18,-5.75061093881502e-05,0.00184701491226491,-5.70344197418101e-16,-0.0662276873803337,-0.109474386609764,0,0.0041287221955173,0.00413646202636642,0,57908.3903157484,86741.9516774509,-989.161676462036
6.2,3.40636120959121,0.646851305431434,-0.00923030493411143,0.174872951222553,0.00166791918120357,0.0232838411441815,-1.59547305065855e-18,-6.17249460099778e-05,0.00183572614336569,-9.62658525553427e-16,-0.0658122892824826,-0.109060661940071,0,0.00417868771934593,0.0041380148593646,0,57905.3903881519,86813.937773479,-984.543012928886
6.3,3.40652768580397,0.649188848453892,-0.00923030493411225,0.174038692854949,0.00166153457041773,0.0234668271558401,-7.01812402621936e-19,-6.5949620080108e-05,0.00182429615029456,-3.6338016624424e-16,-0.0653919105709233,-0.108646782284025,0,0.00422833700390868,0.00413956181184005,0,57902.3301229417,86886.0439314949,-979.895051463621
6.4,3.40669350242464,0.651544632697754,-0.00923030493411259,0.173199331289326,0.00165472726164915,0.0236486632420068,-1.14646398892528e-18,-7.017905603246e-05,0.0018127256907583,-9.10765781169272e-17,-0.0649665830595313,-0.108232748229795,0,0.00427766629179871,0.00414110288154745,0,57899.2097550097,86958.2690516983,-975.21796307185
6.5,3.4068586171614,0.653918542469497,-0.00923030493411162,0.172354899302465,0.0016474968327265,0.0238293353963067,-1.23463818890059e-18,-7.44121735585246e-05,0.00180101554327727,-6.88402997262437e-16,-0.0645363389367026,-0.107818560365762,0,0.0043266718498387,0.00414263806634096,0,57896.0295242804,87030.6120306532,-970.511920997113
6.6,3.40702298768565,0.656310460678866,-0.00923030493411176,0.171505430043451,0.00163984296966485,0.0240088296906663,-8.80780052758804e-19,-7.86478887442321e-05,0.00178916650037486,2.50306003928332e-17,-0.064101210762918,-0.107404219280533,0,0.00437534996930822,0.0041441673640179,0,57892.7896756177,87103.071761514,-965.777100710874
6.7,3.40718657164278,0.65872026884677,-0.00923030493411236,0.170650957031205,0.00163176546701316,0.02418713227661,-1.98269576238653e-18,-8.28851147041121e-05,0.00177717936249877,-4.59469736359189e-16,-0.0636612314682786,-0.106989725562926,0,0.00442369696631317,0.00414569077240401,0,57889.4904587347,87175.647134257,-961.013679902111
6.8,3.40734932666311,0.661147847113302,-0.00923030493411242,0.169791514151995,0.00162326422816908,0.0243642293865399,-2.35944243774707e-18,-8.71227611369818e-05,0.00176505494785317,-6.85065700681131e-16,-0.063216434350014,-0.10657507980198,0,0.00447170918198481,0.00414720828933923,0,57886.1321281853,87248.3370360505,-956.221838467646
6.9,3.40751121037272,0.663593074245888,-0.0092303049341114,0.168927135656913,0.00161433926566038,0.0245401073349532,-6.91808627852863e-19,-9.13597358793705e-05,0.00175279407942242,-3.99538255452281e-16,-0.0627668530699624,-0.10616028258695,0,0.00451938298279231,0.00414871991269194,0,57882.7149432404,87321.1403514335,-951.401758501157
7,3.40767218040444,0.666055827647567,-0.00923030493411211,0.168057856159327,0.00160499070140118,0.0247147525197284,-1.5120892864649e-18,-9.55949436596271e-05,0.00174039759816047,-5.1709009762906e-16,-0.0623125216520228,-0.105745334507304,0,0.00456671476085546,0.00415022564025946,0,57879.2391678934,87394.0559627146,-946.553624282971
7.1,3.40783219440875,0.668535983365384,-0.00923030493411209,0.167183710632307,0.00159521876691607,0.024888151423404,-1.26963108140138e-18,-9.98272872816397e-05,0.00172786635788391,-6.57560885036294e-16,-0.0618534744795802,-0.105330236152726,0,0.00461370093412938,0.00415172546993858,0,57875.7050707788,87467.082750224,-941.677622269195
7.2,3.40799121006478,0.671033416098924,-0.00923030493411244,0.166304734406018,0.00158502380353217,0.0250602906144136,-1.17483264704877e-18,-0.000104055667775382,0.00171520122437485,-2.33811389153874e-16,-0.0613897462929038,-0.104914988113114,0,0.00466033794674559,0.00415321939961188,0,57872.1129251057,87540.2195925972,-936.773941080491
7.3,3.40814918509129,0.673547999208962,-0.00923030493411157,0.165420963165094,0.00157440626254341,0.0252311567483607,-9.84238885452835e-19,-0.000108278984774168,0.0017024030745123,-2.6617026215484e-16,-0.0609213721865175,-0.104499590978576,0,0.00470662226926777,0.00415470742710511,0,57868.4630085946,87613.4653670628,-931.842771490764
7.4,3.40830607725767,0.676079604726247,-0.00923030493411233,0.16453243294598,0.0015633667053421,0.0254007365692748,-1.39237634373336e-18,-0.000112496136228879,0.00168947280435994,-1.81750714255091e-16,-0.0604483876065443,-0.104084045339436,0,0.00475255039891209,0.00415618955035768,0,57864.7556034611,87686.8189498093,-926.8843064161
7.5,3.40846184439495,0.678628103360402,-0.00923030493411061,0.163639180134249,0.00155190580352149,0.0255690169108752,-1.28861192752415e-18,-0.000116706020383273,0.00167641130923712,-4.93190813517983e-16,-0.0599708283480235,-0.103668351786226,0,0.00479811885992376,0.00415766576722376,0,57860.990996252,87760.2792161132,-921.898740902126
7.6,3.40861644440686,0.681193364508959,-0.00923030493411141,0.16274124146189,0.00154002433894527,0.0257359846978083,-2.09296873163035e-18,-0.00012090753391214,0.00166321950872117,-1.03235618804659e-15,-0.0594887305522019,-0.103252510909688,0,0.00484332420368361,0.00415913607562857,0,57857.1694779165,87833.8450408514,-916.886272113233
7.7,3.40876983528081,0.683775256266515,-0.00923030493411207,0.161838654004574,0.00152772320378952,0.0259016269469339,-1.57818070990308e-18,-0.000125099573649257,0.00164989832931539,-4.50442156285055e-16,-0.0590021307037986,-0.102836523300776,0,0.00488816300912021,0.0041606004734831,0,57853.2913436568,87907.5152986544,-911.847099319613
7.8,3.40892197509893,0.686373645434016,-0.00923030493411179,0.160931455178894,0.0015150034005491,0.0260659307685355,-1.4019842963234e-18,-0.000129281036234108,0.00163644871404678,-6.40483157195233e-16,-0.058511065628244,-0.10242038955065,0,0.00493263188285198,0.00416205895868416,0,57849.3568929192,87981.2888642921,-906.781423885435
7.9,3.40907282204915,0.688988397528157,-0.00923030493411155,0.160019682739571,0.00150186604201952,0.0262288833676164,-2.28519898846472e-18,-0.000133450818601943,0.00162287161924901,-6.06175982063566e-16,-0.0580155724888926,-0.102004110250678,0,0.00497672745952826,0.00416351152918537,0,57845.3664293186,88055.1646129491,-901.689449256087
8,3.40922233443618,0.691619376790923,-0.00923030493411157,0.159103374776648,0.00148831235124109,0.026390472045114,-2.43049649072698e-18,-0.000137607819248986,0.00160916800279232,-9.41078536116853e-16,-0.0575156887842111,-0.101587685992437,0,0.00502044640203536,0.00416495818289775,0,57841.3202605177,88129.1414204298,-896.571380944854
8.1,3.40937047069252,0.694266446199242,-0.00923030493411203,0.158182569712648,0.00147434366141544,0.0265506841991374,-1.7859407189608e-18,-0.000141750936676566,0.0015953388476877,-5.63316364132497e-16,-0.0570114523449398,-0.101171117367708,0,0.00506378540175234,0.00416639891778914,0,57837.2186982922,88203.2181636663,-891.427426521054
8.2,3.40951718938953,0.696929467474763,-0.00923030493411128,0.157257306299707,0.00145996141579272,0.0267095073262485,-1.21620444526802e-18,-0.000145879071162369,0.00158138514196082,-5.78230039208153e-16,-0.0565029013312301,-0.100754404968477,0,0.00510674117884946,0.00416783373179896,0,57833.0620583664,88277.3937208518,-886.257795595797
8.3,3.40966244924835,0.699608301093764,-0.00923030493411146,0.156327623616692,0.00144516716752303,0.0268669290226589,-4.49018378758894e-19,-0.000149991124346549,0.00156730789107229,-5.53692605482955e-16,-0.0559900742297563,-0.100337549386935,0,0.0051493104824516,0.00416926262289508,0,57828.850660421,88351.6669718584,-881.062699809291
8.4,3.40980620915097,0.702302806297178,-0.00923030493411158,0.15539356106628,0.00142996257948005,0.0270229369854714,-1.82592547139144e-18,-0.000154085999927833,0.00155310811001996,-7.08492144606078e-16,-0.0554730098508034,-0.0999205512154769,0,0.00519149009094377,0.00417068558904532,0,57824.5848279934,88426.0367984757,-875.842352816703
8.5,3.40994842815111,0.705012841100747,-0.00923030493411154,0.154455158372029,0.00141434942405424,0.0271775190139321,-9.1895397318639e-19,-0.000158162603665302,0.00153878682839625,-4.5460627550267e-16,-0.0549517473253293,-0.0995034110466995,0,0.00523327681224828,0.00417210262821754,0,57820.2648884455,88500.5020847652,-870.59697027458
8.6,3.4100890654852,0.707738262305293,-0.00923030493411178,0.153512455575406,0.00139832958291192,0.0273306630106267,-7.36199883532731e-19,-0.000162219844501044,0.00152434508048316,-4.83228074347352e-16,-0.0544263261020042,-0.0990861294734015,0,0.00527466748394545,0.00417351373840802,0,57815.8911728565,88575.0617172869,-865.326769826364
8.7,3.41022808058331,0.710478925507118,-0.00923030493411097,0.152565493032807,0.00138190504672673,0.0274823569827343,-2.1182925710396e-18,-0.000166256633594042,0.00150978392027312,-9.51335418368182e-16,-0.0538967859442243,-0.0986687070885828,0,0.00531565897365027,0.0041749189175988,0,57811.4640160424,88649.7145855374,-860.031971088713
8.8,3.41036543307999,0.713234685108517,-0.00923030493411206,0.151614311412547,0.00136507791487541,0.0276325890431988,-1.46795809298728e-18,-0.000170271885399087,0.00149510441251799,-5.95714732526651e-16,-0.0533631669271033,-0.0982511444854433,0,0.00535624817916158,0.0041763181638288,0,57806.9837564536,88724.4595821876,-854.712795636642
8.9,3.41050108282516,0.716005394328422,-0.00923030493411254,0.150658951691821,0.00134785039510911,0.027781347411981,-9.70586883884607e-19,-0.000174264517954992,0.00148030763264551,-2.11035469788091e-16,-0.0528255094344391,-0.0978334422573821,0,0.00539643202871076,0.00417771147508006,0,57802.4507361174,88799.2956033925,-849.369466988785
9,3.41063498989492,0.718790905213161,-0.00923030493411212,0.149699455153655,0.00133022480318742,0.0279286204172399,-1.2616800011355e-18,-0.000178233452678089,0.00146539467417561,-2.84124518136025e-16,-0.0522838541556577,-0.0974156009979968,0,0.00543620748124596,0.00417909884933465,0,57797.8653006215,88874.2215491693,-844.002210592811
9.1,3.41076711460233,0.721591068647339,-0.00923030493411119,0.148735863383817,0.00131220356248619,0.0280743964965499,-2.092997061626e-18,-0.00018217761600825,0.00145036662901177,-9.25032218868815e-16,-0.0517382420827341,-0.0969976213010825,0,0.00547557152658129,0.00418048028468831,0,57793.2277989546,88949.2363235409,-838.611253809332
9.2,3.41089741750815,0.724405734364839,-0.00923030493411149,0.147768218267721,0.00129378920357182,0.0282186641980868,-2.5719501605954e-18,-0.000186095937960928,0.00143522461314838,-6.37642263002584e-16,-0.0511887145070896,-0.0965795037606312,0,0.00551452118568108,0.00418185577915153,0,57788.5385835862,89024.3388350709,-833.196825897772
9.3,3.41102585943154,0.727234750959939,-0.00923030493411097,0.146796561987298,0.0012749843637457,0.0283614121818117,-2.49428219225137e-18,-0.000189987353585774,0.00141996974897829,-1.05080519100209e-15,-0.0506353130164672,-0.0961612489708306,0,0.00555305351087299,0.00418322533079163,0,57783.7980103186,89099.5279970241,-827.759157999909
9.4,3.4111524014607,0.730077965898553,-0.00923030493411236,0.145820937017848,0.00125579178655791,0.0285026292206575,-1.49792908005973e-18,-0.000193850802776785,0.00140460317389923,-5.53918531101409e-16,-0.0500780794917844,-0.0957428575260635,0,0.00559116558606831,0.00418458893761908,0,57779.0064382783,89174.8027277567,-822.29848312455
9.5,3.41127700496347,0.732935225529587,-0.00923030493411194,0.14484138612487,0.00123621432129132,0.0286423042017082,-1.42999087733874e-18,-0.000197685230864275,0.0013891260354626,-7.6233973147023e-16,-0.0495170561039633,-0.095324330020907,0,0.00562885452697515,0.00418594659771543,0,57774.1642298368,89250.1619509874,-816.815036131268
9.6,3.41139963159791,0.735806375096411,-0.00923030493411263,0.143857952360871,0.00121625492241366,0.0287804261273615,-1.45668139877784e-18,-0.000201489588604886,0.00137353949473074,-4.89983986553641e-16,-0.0489522853107395,-0.0949056670501313,0,0.00566611748132573,0.00418729830917641,0,57769.2717505739,89325.6045961403,-811.309053714298
9.7,3.41152024332273,0.738691258748448,-0.00923030493411245,0.142870679062148,0.00119591664900115,0.0289169841164996,-1.34138698503494e-18,-0.00020526283326805,0.00135784471737033,-6.98195405216165e-16,-0.0483838098534488,-0.0944868692086995,0,0.00570295162912515,0.00418864407004094,0,57764.3293691803,89401.1295985839,-805.780774385809
9.8,3.41163880240778,0.741589719552884,-0.00923030493411098,0.141879609845559,0.00117520266412953,0.029051967405636,-2.79330320913092e-18,-0.000209003927775342,0.00134204288709938,-7.33397284218204e-16,-0.0478116727537926,-0.094067937091766,0,0.00573935418275084,0.00418998387841896,0,57759.3374574729,89476.7359000584,-800.23043845973
9.9,3.41175527144437,0.744501599506483,-0.00923030493411122,0.140884788605258,0.00115411623423748,0.0291853653500552,-1.01704334281554e-18,-0.000212711841669933,0.00132613519924796,-4.87212129866968e-16,-0.0472359173105819,-0.0936488712946762,0,0.00577532238732203,0.0041913177323778,0,57754.2963903121,89552.4224489362,-794.658288034735
10,3.4118696133556,0.747426739547525,-0.00923030493411217,0.139886259509426,0.00113266072845886,0.0293171674249661,-1.08459870855701e-18,-0.000216385551473408,0.00131012285719478,-1.75427557801516e-16,-0.0466565870964608,-0.0932296724129656,0,0.00581085352079214,0.00419264563007005,0,57749.2065455295,89628.1882005028,-789.064566976932
